{"cameraMode":{"drawMode":0,"name":"Shaded","section":"Shading Mode"},"sceneLighting":true,"audioPlay":false,"sceneViewState":{"m_AlwaysRefresh":false,"showFog":true,"showSkybox":true,"showFlares":true,"showImageEffects":true,"showParticleSystems":true,"showVisualEffectGraphs":true,"m_FxEnabled":true},"in2DMode":false,"pivot":{"x":-174.81927490234376,"y":80.21299743652344,"z":1290.2213134765625},"rotation":{"x":-0.09555721282958985,"y":-0.7798231244087219,"z":0.12289655208587647,"w":-0.6063433289527893},"size":1385.2147216796875,"orthographic":false}